{"resourceType":"StructureDefinition","id":"us-core-profile-link","text":{"status":"generated","div":"<div xmlns=\"http://www.w3.org/1999/xhtml\"><p><b>Generated Narrative with Details</b></p><p><b>url</b>: <a href=\"http://hl7.org/fhir/us/core/StructureDefinition/us-core-profile-link\">http://hl7.org/fhir/us/core/StructureDefinition/us-core-profile-link</a></p><p><b>name</b>: Profile-resource association extension</p><p><b>title</b>: Profile-resource association extension</p><p><b>status</b>: DRAFT</p><p><b>date</b>: Mar 16, 2017 1:23:29 PM</p><p><b>publisher</b>: HL7 US Realm Steering Committee</p><p><b>contact</b>: </p><p><b>description</b>: Used in the CapabilityStatment resource to link profiles to the resources they are based upon for the purpose of describing profile specific capababilties such as specific search criteria or operations which are supported on a profile by profile bases. It is a code that references a resource listed in Capability.rest.resource. For more information on how the Capability resource describes profiles on resources, see [Two uses of Profiles](http://build.fhir.org/profiling.html#profile-uses).</p><p><b>url</b>: <a href=\"http://hl7.org/fhir/us/core/StructureDefinition/us-core-profile-link\">http://hl7.org/fhir/us/core/StructureDefinition/us-core-profile-link</a></p><p><b>name</b>: Profile-resource association extension</p><p><b>title</b>: Profile-resource association extension</p><p><b>status</b>: DRAFT</p><p><b>date</b>: Mar 16, 2017 1:23:29 PM</p><p><b>publisher</b>: HL7 US Realm Steering Committee</p><p><b>contact</b>: </p><p><b>description</b>: Used in the CapabilityStatment resource to link profiles to the resources they are based upon for the purpose of describing profile specific capababilties such as specific search criteria or operations which are supported on a profile by profile bases. It is a code that references a resource listed in Capability.rest.resource. For more information on how the Capability resource describes profiles on resources, see [Two uses of Profiles](http://build.fhir.org/profiling.html#profile-uses).</p><p><b>purpose</b>: To allow profiles to be associated with resources in CapabilityStatements.</p><p><b>fhirVersion</b>: 3.0.0</p><h3>Mappings</h3><table class=\"grid\"><tr><td>-</td><td><b>Identity</b></td><td><b>Uri</b></td><td><b>Name</b></td></tr><tr><td>*</td><td>rim</td><td><a href=\"http://hl7.org/v3\">http://hl7.org/v3</a></td><td>RIM Mapping</td></tr></table><p><b>kind</b>: COMPLEXTYPE</p><p><b>abstract</b>: false</p><p><b>contextType</b>: RESOURCE</p><p><b>context</b>: CapabilityStatement.profile</p><p><b>type</b>: Extension</p><p><b>baseDefinition</b>: <a href=\"http://hl7.org/fhir/StructureDefinition/Extension\">http://hl7.org/fhir/StructureDefinition/Extension</a></p><p><b>derivation</b>: CONSTRAINT</p><h3>Snapshots</h3><table class=\"grid\"><tr><td>-</td><td><b>Element</b></td></tr><tr><td>*</td><td>todo-bundle</td></tr></table><h3>Differentials</h3><table class=\"grid\"><tr><td>-</td><td><b>Element</b></td></tr><tr><td>*</td><td>todo-bundle</td></tr></table></div>"},"url":"http://hl7.org/fhir/us/core/StructureDefinition/us-core-profile-link","name":"Profile-resource association extension","title":"Profile-resource association extension","status":"draft","date":"2017-03-16T13:23:29-07:00","publisher":"HL7 US Realm Steering Committee","contact":[{"telecom":[{"system":"url","value":"http://www.healthit.gov"}]}],"description":"Used in the CapabilityStatment resource to link profiles to the resources they are based upon for the purpose of describing profile specific capababilties such as specific search criteria or operations which are supported on a profile by profile bases. It is a code that references a resource listed in Capability.rest.resource. For more information on how the Capability resource describes profiles on resources, see [Two uses of Profiles](http://build.fhir.org/profiling.html#profile-uses).","purpose":"To allow profiles to be associated with resources in CapabilityStatements.","fhirVersion":"3.0.0","mapping":[{"identity":"rim","uri":"http://hl7.org/v3","name":"RIM Mapping"}],"kind":"complex-type","abstract":false,"contextType":"resource","context":["CapabilityStatement.profile"],"type":"Extension","baseDefinition":"http://hl7.org/fhir/StructureDefinition/Extension","derivation":"constraint","snapshot":{"element":[{"id":"Extension:profile-link","path":"Extension","sliceName":"profile-link","short":"Resource that this profile is based on","definition":"This is a code that references a  resource listed in CapabilityStatement.rest.resource.  This is used to link the profile to the resources for the purpose of describing profile specific capababilties such as specific search criteria or operations which are supported on a profile by profile bases.","comment":"This is helpful for publishing the CapabilityResource narrative.","min":0,"max":"*","base":{"path":"Extension","min":0,"max":"*"},"condition":["ele-1"],"constraint":[{"key":"ele-1","severity":"error","human":"All FHIR elements must have a @value or children","expression":"children().count() > id.count()","xpath":"@value|f:*|h:div","source":"Element"},{"key":"ext-1","severity":"error","human":"Must have either extensions or value[x], not both","expression":"extension.exists() != value.exists()","xpath":"exists(f:extension)!=exists(f:*[starts-with(local-name(.), 'value')])","source":"Extension"}],"isModifier":false,"mapping":[{"identity":"v2","map":"No v2 equivalent"},{"identity":"rim","map":"No RIM equivalent"}]},{"id":"Extension:profile-link.id","path":"Extension.id","representation":["xmlAttr"],"short":"xml:id (or equivalent in JSON)","definition":"unique id for the element within a resource (for internal references). This may be any string value that does not contain spaces.","min":0,"max":"1","base":{"path":"Element.id","min":0,"max":"1"},"type":[{"code":"string"}],"mapping":[{"identity":"rim","map":"n/a"}]},{"id":"Extension:profile-link.extension","path":"Extension.extension","short":"Additional Content defined by implementations","definition":"May be used to represent additional information that is not part of the basic definition of the element. In order to make the use of extensions safe and manageable, there is a strict set of governance  applied to the definition and use of extensions. Though any implementer is allowed to define an extension, there is a set of requirements that SHALL be met as part of the definition of the extension.","comment":"There can be no stigma associated with the use of extensions by any application, project, or standard - regardless of the institution or jurisdiction that uses or defines the extensions.  The use of extensions is what allows the FHIR specification to retain a core level of simplicity for everyone.","alias":["extensions","user content"],"min":0,"max":"*","base":{"path":"Element.extension","min":0,"max":"*"},"type":[{"code":"Extension"}],"mapping":[{"identity":"rim","map":"n/a"}]},{"id":"Extension:profile-link.url","path":"Extension.url","representation":["xmlAttr"],"short":"identifies the meaning of the extension","definition":"Source of the definition for the extension code - a logical name or a URL.","comment":"The definition may point directly to a computable or human-readable definition of the extensibility codes, or it may be a logical URI as declared in some other specification. The definition SHALL be a URI for the Structure Definition defining the extension.","min":1,"max":"1","base":{"path":"Extension.url","min":1,"max":"1"},"type":[{"code":"uri"}],"fixedUri":"http://hl7.org/fhir/us/core/StructureDefinition/us-core-profile-link","mapping":[{"identity":"rim","map":"N/A"}]},{"id":"Extension:profile-link.valueCode","path":"Extension.valueCode","short":"Value of extension","definition":"Value of extension - may be a resource or one of a constrained set of the data types (see Extensibility in the spec for list).","min":0,"max":"1","base":{"path":"Extension.value[x]","min":0,"max":"1"},"type":[{"code":"code"}],"binding":{"strength":"required","description":"One of the resource types defined as part of FHIR.","valueSetReference":{"reference":"http://hl7.org/fhir/ValueSet/resource-types"}},"mapping":[{"identity":"rim","map":"N/A"}]}]},"differential":{"element":[{"id":"Extension:profile-link","path":"Extension","sliceName":"profile-link","short":"Resource that this profile is based on","definition":"This is a code that references a  resource listed in CapabilityStatement.rest.resource.  This is used to link the profile to the resources for the purpose of describing profile specific capababilties such as specific search criteria or operations which are supported on a profile by profile bases.","comment":"This is helpful for publishing the CapabilityResource narrative.","min":0,"max":"*","isModifier":false,"mapping":[{"identity":"v2","map":"No v2 equivalent"},{"identity":"rim","map":"No RIM equivalent"}]},{"id":"Extension:profile-link.url","path":"Extension.url","fixedUri":"http://hl7.org/fhir/us/core/StructureDefinition/us-core-profile-link"},{"id":"Extension:profile-link.valueCode","path":"Extension.valueCode","min":0,"max":"1","type":[{"code":"code"}],"binding":{"strength":"required","description":"One of the resource types defined as part of FHIR.","valueSetReference":{"reference":"http://hl7.org/fhir/ValueSet/resource-types"}}}]}}