{"resourceType":"ValueSet","id":"us-core-narrative-status","text":{"status":"generated","div":"<div xmlns=\"http://www.w3.org/1999/xhtml\"><h2>Narrative Status</h2><div><p>This value set limits the text status for the resource narrative.</p>\n</div><p><b>Copyright Statement:</b> HL7</p><p>This value set includes codes from the following code systems:</p><ul><li>Include these codes as defined in <a href=\"http://build.fhir.org/codesystem-narrative-status.html\"><code>http://hl7.org/fhir/narrative-status</code></a><table class=\"none\"><tr><td><b>Code</b></td><td><b>Display</b></td></tr><tr><td><a href=\"http://build.fhir.org/codesystem-narrative-status.html#narrative-status-additional\">additional</a></td><td>additional</td><td>The contents of the narrative may contain additional information not found in the structured data. Note that there is no computable way to determine what the extra information is, other than by human inspection</td></tr><tr><td><a href=\"http://build.fhir.org/codesystem-narrative-status.html#narrative-status-generated\">generated</a></td><td>generated</td><td>The contents of the narrative are entirely generated from the structured data in the content.</td></tr></table></li></ul></div>"},"url":"http://hl7.org/fhir/us/core/ValueSet/us-core-narrative-status","name":"Narrative Status","status":"draft","date":"2017-03-16T13:23:29-07:00","publisher":"HL7 US Realm Steering Committee","contact":[{"telecom":[{"system":"other","value":"http://hl7.org/fhir"}]}],"description":"This value set limits the text status for the resource narrative.","copyright":"HL7","compose":{"include":[{"system":"http://hl7.org/fhir/narrative-status","concept":[{"code":"additional","display":"additional"},{"code":"generated","display":"generated"}]}]}}