{"resourceType":"ValueSet","id":"detailed-race","text":{"status":"generated","div":"<div xmlns=\"http://www.w3.org/1999/xhtml\"><h2>US-Core Detailed Race</h2><div><p>The 900+ <a href=\"http://www.cdc.gov/phin/resources/vocabulary/index.html\">CDC Race codes</a> that are grouped under one of the 5 OMB race category codes.</p>\n</div><p>This value set includes codes from the following code systems:</p><ul><li>Include codes from <a href=\"CodeSystem-cdcrec.html\"><code>uri:oid:2.16.840.1.113883.6.238</code></a> where concept  is-a  <a href=\"CodeSystem-cdcrec.html#1000-9\">1000-9</a></li><li>Exclude these codes as defined in <a href=\"CodeSystem-cdcrec.html\"><code>uri:oid:2.16.840.1.113883.6.238</code></a><table class=\"none\"><tr><td><b>Code</b></td><td><b>Display</b></td></tr><tr><td><a href=\"CodeSystem-cdcrec.html#cdcrec-1002-5\">1002-5</a></td><td>American Indian or Alaska Native</td><td>American Indian or Alaska Native</td></tr><tr><td><a href=\"CodeSystem-cdcrec.html#cdcrec-2028-9\">2028-9</a></td><td>Asian</td><td>Asian</td></tr><tr><td><a href=\"CodeSystem-cdcrec.html#cdcrec-2054-5\">2054-5</a></td><td>Black or African American</td><td>Black or African American</td></tr><tr><td><a href=\"CodeSystem-cdcrec.html#cdcrec-2076-8\">2076-8</a></td><td>Native Hawaiian or Other Pacific Islander</td><td>Native Hawaiian or Other Pacific Islander</td></tr><tr><td><a href=\"CodeSystem-cdcrec.html#cdcrec-2106-3\">2106-3</a></td><td>White</td><td>White</td></tr></table></li></ul></div>"},"url":"http://hl7.org/fhir/us/core/ValueSet/detailed-race","name":"US-Core Detailed Race","status":"draft","date":"2016-08-30","publisher":"HL7 US Realm Steering Committee","description":"The 900+ [CDC Race codes](http://www.cdc.gov/phin/resources/vocabulary/index.html) that are grouped under one of the 5 OMB race category codes.","compose":{"include":[{"system":"uri:oid:2.16.840.1.113883.6.238","filter":[{"property":"concept","op":"is-a","value":"1000-9"}]}],"exclude":[{"system":"uri:oid:2.16.840.1.113883.6.238","concept":[{"code":"1002-5"},{"code":"2028-9"},{"code":"2054-5"},{"code":"2076-8"},{"code":"2106-3"}]}]}}